headline,url
Abortion measures return to the ballot in US midterms,https://english.elpais.com/usa/2026-10-08/abortion-measures-return-to-the-ballot-in-us-midterms.html
The Trump administration will both detain migrant children and defend them in court,https://english.elpais.com/usa/2026-10-08/the-trump-administration-will-both-detain-migrant-children-and-defend-them-in-court.html
‘Thank you for changing Spain’: Madrid’s Sol protest camp mourns Maricarmen,https://english.elpais.com/spain/2026-10-08/there-will-be-no-more-maricarmens-madrids-sol-protest-camp-mourns-the-woman-who-galvanized-a-movement.html
Timeline of the Maricarmen case: From four eviction attempts to a housing movement that shook Spain  ,https://english.elpais.com/spain/2026-10-08/timeline-of-the-maricarmen-case-from-four-eviction-attempts-to-a-housing-movement-that-shook-spain.html
"Maricarmen, the woman who became a symbol of Spain’s housing crisis, dies at 87",https://english.elpais.com/spain/2026-10-07/maricarmen-the-woman-who-became-a-symbol-of-spains-housing-crisis-dies-at-87.html
Canadian poet Anne Carson wins the 2026 Nobel Prize in Literature,https://english.elpais.com/culture/2026-10-08/canadian-poet-anne-carson-wins-the-2026-nobel-prize-in-literature.html
Gina Hinojosa gains ground in Texas governor’s race as Democratic leaders push for more campaign funding ,https://english.elpais.com/usa/2026-10-08/gina-hinojosa-gains-ground-in-texas-governors-race-as-democratic-leaders-push-for-more-campaign-funding.html
New US security agreement requires Greenland to remain in NATO if it becomes independent,https://english.elpais.com/usa/2026-10-08/new-us-security-agreement-requires-greenland-to-remain-in-nato-if-it-becomes-independent.html
African Union launches continent’s first credit rating agency to counter what it says is bias inflating borrowing costs,https://english.elpais.com/international/2026-10-08/african-union-launches-continents-first-credit-rating-agency-to-counter-what-it-says-is-bias-inflating-borrowing-costs.html
WHO offers technical support to Russia over suspected plague case in Siberia: ‘We need more information’,https://english.elpais.com/health/2026-10-08/who-offers-technical-support-to-russia-over-suspected-plague-case-in-siberia-we-need-more-information.html
Flávio Bolsonaro announces he wants to ‘reform the Constitution to redemocratize’ Brazil,https://english.elpais.com/international/2026-10-07/flavio-bolsonaro-announces-he-wants-to-reform-the-constitution-to-redemocratize-brazil.html
The Madrid bear sculpture meant for a Miami roundabout that ended up inside a restaurant instead,https://english.elpais.com/international/2026-10-07/the-madrid-bear-sculpture-meant-for-a-miami-roundabout-that-ended-up-inside-a-restaurant-instead.html
Hispanidad or latinidad: Shakira opens debate on cultural identity beyond a common language,https://english.elpais.com/culture/2026-10-07/hispanidad-or-latinidad-shakira-opens-debate-on-cultural-identity-beyond-a-common-language.html
Eva Marie Saint: the Hitchcock muse whose career spanned nearly eight decades,https://english.elpais.com/culture/2026-10-07/eva-marie-saint-the-hitchcock-muse-whose-career-spanned-nearly-eight-decades.html
The age of nuclear clocks is here: A new tool for probing the laws of physics,https://english.elpais.com/science-tech/2026-10-07/the-age-of-nuclear-clocks-is-here-a-new-tool-for-probing-the-laws-of-physics.html
Rosalind Franklin had seen the helix: A forgotten photograph rewrites the history of DNA’s structure,https://english.elpais.com/science-tech/2026-10-07/rosalind-franklin-had-seen-the-helix-a-forgotten-photograph-rewrites-the-history-of-dnas-structure.html
Should AI pay taxes? The debate is gaining traction in the US,https://english.elpais.com/economy-and-business/2026-10-06/should-ai-pay-taxes-the-debate-is-gaining-traction-in-the-us.html
The botanist who took 30 years to name 18 trees: 'It is a race against myself',https://english.elpais.com/science-tech/2026-10-06/the-botanist-who-took-30-years-to-name-18-trees-it-is-a-race-against-myself.html
"The migration routes of pollution: How ozone, Saharan dust and wildfire smoke cross borders",https://english.elpais.com/climate/2026-10-04/the-migration-routes-of-pollution-how-ozone-saharan-dust-and-wildfire-smoke-cross-borders.html
"Victor Glover, Artemis 2 pilot: ‘This race, for us, is not about beating China to the Moon. We will, but this race is to get humans to Mars’",https://english.elpais.com/science-tech/2026-10-03/victor-glover-artemis-2-pilot-this-race-for-us-is-not-about-beating-china-to-the-moon-we-will-but-this-race-is-to-get-humans-to-mars.html
Key points from the Supreme Court case against the oil companies,https://english.elpais.com/economy-and-business/2026-10-06/key-points-from-the-supreme-court-in-the-case-against-the-oil-companies-what-is-being-judged-what-are-the-repercussions.html
"The founders of On, the phenomenon attracting Mbappé and Zendaya",https://english.elpais.com/lifestyle/2026-09-28/the-founders-of-on-the-phenomenon-attracting-kylian-mbappe-and-zendaya-cost-is-not-a-limiting-factor-our-followers-are-willing-to-pay.html
"Trump’s broken promise on crypto: a gold mine for his empire, multimillion-dollar losses for investors",https://english.elpais.com/economy-and-business/2026-09-28/trumps-broken-promise-on-crypto-a-gold-mine-for-his-empire-multimillion-dollar-losses-for-investors.html
The yield on the US 10-year Treasury reached its highest level in two decades. Why should you care?,https://english.elpais.com/economy-and-business/2026-09-30/the-yield-on-the-us-10-year-treasury-reached-its-highest-level-in-two-decades-why-should-you-care.html
"Richard Dean Anderson, the iconic MacGyver: ‘He was different, a TV hero who didn’t use guns. He would think, look and solve the problem’",https://english.elpais.com/culture/2026-10-06/richard-dean-anderson-the-iconic-macgyver-he-was-different-a-tv-hero-who-didnt-use-guns-he-would-think-look-and-solve-the-problem.html
Vincent Cassel: ‘There are things that are good for your career and others that you like: always do the latter’,https://english.elpais.com/culture/2026-10-05/vincent-cassel-there-are-things-that-are-good-for-your-career-and-others-that-you-like-always-do-the-latter.html
Do Tutankhamun and Nefertiti share a tomb?,https://english.elpais.com/culture/2026-10-06/do-tutankhamun-and-nefertiti-share-a-tomb.html
Cannons and the glow after the crisis: ‘Good things really come from getting through tough times together’,https://english.elpais.com/culture/2026-10-05/cannons-and-the-glow-after-the-crisis-good-things-really-come-from-getting-through-tough-times-together.html
"Jahel Queralt, essayist: ‘Those who most criticize meritocracy are those who need it the least’",https://english.elpais.com/society/2026-10-02/jahel-queralt-essayist-those-who-most-criticize-meritocracy-are-those-who-need-it-the-least.html
"Maxx yourself, squeeze yourself dry: The unhealthy obsession with optimizing everything",https://english.elpais.com/society/2026-10-04/maxx-yourself-squeeze-yourself-dry-the-unhealthy-obsession-with-optimizing-everything.html
"Carl Cederström, sociologist: ‘Wellness has become a corporate tool. It doesn’t make you happier; just more productive’",https://english.elpais.com/health/2026-10-04/carl-cederstrom-sociologist-wellness-has-become-a-corporate-tool-it-doesnt-make-you-happier-just-more-productive.html
"Mount Athos, the Greek stronghold that bans women from entering",https://english.elpais.com/travel/2026-10-03/mount-athos-the-greek-stronghold-that-bans-women-from-entering.html
"The just-world hypothesis and other mental traps that guide us, but that we can avoid",https://english.elpais.com/eps/2026-10-01/the-just-world-hypothesis-and-other-mental-traps-that-guide-us-but-that-we-can-avoid.html
"Brett Goldstein, the comedian who ran a strip club in Marbella before finding fame with 'Ted Lasso'",https://english.elpais.com/people/2026-10-06/brett-goldstein-the-comedian-who-ran-a-strip-club-in-marbella-before-finding-fame-with-ted-lasso.html
Sylvester Stallone: ‘I don’t know what the new masculinities are. It’s in a man’s nature to conquer’,https://english.elpais.com/culture/2026-10-05/sylvester-stallone-i-dont-know-what-the-new-masculinities-are-its-in-a-mans-nature-to-conquer.html
"Lili Reinhart, the actress looking for success away from Hollywood clichés",https://english.elpais.com/culture/2026-10-04/lili-reinhart-the-actress-looking-for-success-away-from-hollywood-cliches.html
Surviving Hurricane Otis: Mexican director Jorge Michel Grau crafts ambitious film about two sailors who lived to tell the tale,https://english.elpais.com/culture/2026-09-30/surviving-hurricane-otis-mexican-director-jorge-michel-grau-crafts-ambitious-film-about-two-sailors-who-lived-to-tell-the-tale.html
The bursting of the Cristiano Ronaldo bubble,https://english.elpais.com/sports/2026-10-02/the-popping-of-the-cristiano-ronaldo-bubble.html
Charles Spencer: ‘The tragedy of the royal family was not knowing how to embrace the opportunity that my sister Diana represented’ ,https://english.elpais.com/people/2026-09-30/charles-spencer-the-tragedy-of-the-royal-family-was-not-knowing-how-to-embrace-the-opportunity-that-my-sister-diana-represented.html
"Alejandro G. Iñárritu: ‘Tom Cruise loved this film because it freed him from the handsome, strong man that he is’",https://english.elpais.com/culture/2026-10-02/alejandro-g-inarritu-tom-cruise-loved-this-film-because-it-freed-him-from-the-handsome-strong-man-that-he-is.html
‘The truth is Cuba has already fallen’: the United States’ strategy to subdue the island,https://english.elpais.com/international/2026-10-02/the-truth-is-cuba-has-already-fallen-the-united-states-strategy-to-subdue-the-island.html
"Volodymyr Zelenskiy to EL PAÍS, on the new Russian offensive against Kyiv: ‘Putin isn’t afraid of Europeans’",https://english.elpais.com/international/2026-10-02/volodymyr-zelenskiy-to-el-pais-on-the-new-russian-offensive-against-kyiv-putin-isnt-afraid-of-europeans.html
Listen now LOS40 USA,https://los40.us/
EL PAÍS offers free Spanish lessons with Gymglish,https://english.elpais.com/economy-and-business/2021-11-15/el-pais-offers-free-spanish-lessons-with-gymglish.html
Has Trump’s luck run out? Now who will woo the Latino vote...,https://english.elpais.com/opinion/2026-10-03/has-trumps-luck-run-out-now-who-will-woo-the-latino-vote.html
The most relevant initiatives that will appear on the ballots in November’s midterm elections,https://english.elpais.com/usa/2026-10-05/the-most-relevant-initiatives-that-will-appear-on-the-ballots-in-novembers-midterm-elections.html
"Kaliningrad, the Russian militarized exclave surrounded by NATO that triggered Putin’s nuclear threat",https://english.elpais.com/international/2026-10-05/kaliningrad-the-russian-militarized-exclave-surrounded-by-nato-that-triggered-putins-nuclear-threat.html
"Shell companies, Kyrgyz firms, and cryptocurrencies: The Kremlin’s phantom network to evade sanctions",https://english.elpais.com/international/2026-10-03/shell-companies-kyrgyz-firms-and-cryptocurrencies-the-kremlins-phantom-network-to-evade-sanctions.html
Venezuela confirms it did not seek Nicolás Maduro’s release or request immunity to prevent US trial,https://english.elpais.com/international/2026-10-06/venezuela-confirms-it-did-not-seek-nicolas-maduros-release-or-request-immunity-to-prevent-us-trial.html
Two dozen children vs Pablo Escobar’s hippo: The legal battle to get to a Colombian school,https://english.elpais.com/international/2026-09-28/two-dozen-children-vs-pablo-escobars-hippo-the-legal-battle-to-get-to-a-colombian-school.html
From Airbnb to stray cats: Trump’s childhood home in Queens sells for $2 million,https://english.elpais.com/usa/2026-09-21/from-airbnb-to-stray-cats-trumps-childhood-home-in-queens-sells-for-2-million.html
An economic paradox: When savings are both a good and a bad idea,https://english.elpais.com/international/2026-09-09/how-venezuela-pushed-aside-a-local-oil-company-to-make-way-for-new-us-partners-they-simply-took-the-assets-and-disappeared.html
Trump escalates his campaign against Washington’s cultural institutions,https://english.elpais.com/usa/2026-09-17/trump-escalates-his-campaign-against-washingtons-cultural-institutions.html
"Nacho Valle, the gallerist who traded art for sardines in New York",https://english.elpais.com/culture/2026-09-10/nacho-valle-the-gallerist-who-traded-art-for-sardines-in-new-york.html
Feather trapped in dinosaur droppings provides new clues about why some birds survived extinction,https://english.elpais.com/science-tech/2026-09-10/a-feather-trapped-in-dinosaur-droppings-provides-new-clues-about-why-some-birds-survived-extinction.html
"Héctor Socas, astrophysicist: ‘If a more advanced civilization contacted us, they should be more afraid of us than we are of them’",https://english.elpais.com/science-tech/2026-09-09/hector-socas-astrophysicist-if-a-more-advanced-civilization-contacted-us-they-should-be-more-afraid-of-us-than-we-are-of-them.html
The end of the world has yet to reach Spain’s Sol square,https://english.elpais.com/international/2026-10-05/the-end-of-the-world-has-yet-to-reach-spains-sol-square.html
"Maricarmen, elderly woman evicted from home in Spain, becomes a global symbol for housing activists",https://english.elpais.com/spain/2026-09-28/maricarmen-elderly-woman-evicted-from-home-in-spain-becomes-a-global-symbol-for-housing-activists.html
Three of the four Afghans who left the country to play the Chess Olympiad are detained in Kabul and face uncertain fate,https://english.elpais.com/sports/2026-09-29/three-of-the-four-afghans-who-left-the-country-to-play-the-chess-olympiad-are-detained-in-kabul-and-face-uncertain-fate.html
"Zhang Ziyu, the 2.23-meter World Cup sensation",https://english.elpais.com/sports/2026-09-09/zhang-ziyu-the-223-meter-world-cup-sensation.html
